{"cameraMode":{"drawMode":0,"name":"Shaded","section":"Shading Mode"},"sceneLighting":false,"audioPlay":false,"sceneViewState":{"showFog":true,"showMaterialUpdate":false,"showSkybox":true,"showFlares":true,"showImageEffects":true,"showParticleSystems":true},"in2DMode":false,"pivot":{"x":-0.6844792366027832,"y":-0.07817602157592774,"z":-0.0055484771728515629},"rotation":{"x":0.24589501321315766,"y":-0.5508556365966797,"z":0.17402838170528413,"w":0.7783365845680237},"size":27.464248657226564,"orthographic":false}