{"cameraMode":{"drawMode":0,"name":"Shaded","section":"Shading Mode"},"sceneLighting":false,"audioPlay":false,"sceneViewState":{"showFog":true,"showMaterialUpdate":false,"showSkybox":true,"showFlares":true,"showImageEffects":true,"showParticleSystems":true},"in2DMode":false,"pivot":{"x":-0.7938156127929688,"y":-4.600059509277344,"z":2.713705062866211},"rotation":{"x":-0.16742326319217683,"y":0.30972668528556826,"z":-0.05550041049718857,"w":-0.9343225359916687},"size":70.5838623046875,"orthographic":false}