{"cameraMode":{"drawMode":0,"name":"Shaded","section":"Shading Mode"},"sceneLighting":true,"audioPlay":false,"sceneViewState":{"showFog":true,"showMaterialUpdate":false,"showSkybox":true,"showFlares":true,"showImageEffects":true,"showParticleSystems":true},"in2DMode":false,"pivot":{"x":19.97129249572754,"y":30.016494750976564,"z":15.4466552734375},"rotation":{"x":0.33086270093917849,"y":-0.5606648325920105,"z":0.26013559103012087,"w":0.7131019234657288},"size":13.606247901916504,"orthographic":false}