{"cameraMode":{"drawMode":0,"name":"Shaded","section":"Shading Mode"},"sceneLighting":true,"audioPlay":false,"sceneViewState":{"showFog":true,"showMaterialUpdate":false,"showSkybox":true,"showFlares":true,"showImageEffects":true,"showParticleSystems":true},"in2DMode":false,"pivot":{"x":-0.5801057815551758,"y":-38.041927337646487,"z":30.906734466552736},"rotation":{"x":0.45444124937057497,"y":0.08872935175895691,"z":-0.045553818345069888,"w":0.8851752281188965},"size":91.34640502929688,"orthographic":false}